{"stat.damageDealt":20,"achievement.exploreAllBiomes":{"value":0,"progress":["Extreme Hills+","Taiga","Extreme Hills"]},"stat.useItem.50":24,"achievement.openInventory":113,"stat.useItem.16":5,"stat.fallOneCm":4742,"stat.flyOneCm":135340,"stat.useItem.73":6,"stat.drop":34,"stat.damageTaken":1180,"stat.useItem.4":6,"stat.useItem.14":4,"stat.useItem.116":1,"stat.playOneMinute":1916743,"stat.useItem.278":24,"stat.useItem.21":4,"stat.useItem.15":7,"stat.entityKilledBy.Skeleton":1,"stat.deaths":2,"stat.jump":265,"stat.useItem.58":4,"stat.useItem.1":9,"stat.swimOneCm":121,"stat.entityKilledBy.Zombie":1,"stat.walkOneCm":130064,"stat.useItem.257":21,"stat.useItem.56":4}